sample,spp,initial_wt_g,coll_wt_g,days,soil_block,row,percent_n,percent_c,prop_c,initial_prop_c,collected_prop_c,prop_c_remain,pct_c_remain
2,PC,23.689,23.141,0,1,1,1.84,44.4,0.444,10.7761261,10.274604,0.953459889,95.34598894
183,GM_PC,24.783,24.581,0,1,1,1.84,43.7,0.437,10.6904841,10.741897,1.004809221,100.4809221
236,CR,22.415,20.883,0,1,1,1.58,43,0.43,9.633967,8.97969,0.93208644,93.20864396
323,AR,23.875,22.134,0,1,1,1.76,41.1,0.411,9.8627625,9.097074,0.922365717,92.23657165
11,PC,25.556,24.848,0,1,2,1.45,45,0.45,11.6254244,11.1816,0.961822951,96.18229507
121,GM_PC,23.302,23.361,0,1,2,1.74,44.2,0.442,10.05163461,10.325562,1.027252025,102.7252025
223,CR,22.739,21.226,0,1,2,1.69,43.3,0.433,9.7732222,9.190858,0.940412262,94.04122624
387,AR,23.035,21.388,0,1,2,1.49,41.2,0.412,9.5157585,8.811856,0.926027704,92.60277045
77,PC,24.881,24.342,0,1,3,2.19,45.5,0.455,11.3183669,11.07561,0.97855195,97.85519499
176,GM_PC,24.481,23.871,0,1,3,1.36,45.6,0.456,10.56021229,10.885176,1.03077246,103.077246
240,CR,23.294,21.393,0,1,3,1.36,42.4,0.424,10.0117612,9.070632,0.905997638,90.59976381
396,AR,23.779,22.141,0,1,3,1.57,41.6,0.416,9.8231049,9.210656,0.937652208,93.76522081
33,PC,24.673,24.556,0,1,4,2.55,47.2,0.472,11.2237477,11.590432,1.032670398,103.2670398
159,GM_PC,24.805,24.442,0,1,4,1.48,45.3,0.453,10.6999741,11.072226,1.034789982,103.4789982
258,CR,22.677,21.05,0,1,4,1.32,42.9,0.429,9.7465746,9.03045,0.92652551,92.65255098
386,AR,22.69,21.196,0,1,4,1.65,41.5,0.415,9.373239,8.79634,0.938452546,93.84525456
10,PC,24.173,23.573,0,1,5,1.59,44.9,0.449,10.9962977,10.584277,0.962530962,96.25309617
123,GM_PC,23.508,23.372,0,1,5,1.38,45,0.45,10.14049551,10.5174,1.037168252,103.7168252
255,CR,22.334,20.583,0,1,5,1.35,43.8,0.438,9.5991532,9.015354,0.939182219,93.91822187
392,AR,23.252,21.695,0,1,5,1.76,40.8,0.408,9.6054012,8.85156,0.92151903,92.15190304
56,PC,24.762,23.931,0,2,6,1.66,45.5,0.455,11.2642338,10.888605,0.966652965,96.66529649
118,GM_PC,24.775,24.62,0,2,6,1.5,45.3,0.453,10.68703319,11.15286,1.043588038,104.3588038
211,CR,22.504,21.087,0,2,6,1.41,42.6,0.426,9.6722192,8.983062,0.928748803,92.87488025
325,AR,23.05,21.543,0,2,6,1.85,41.5,0.415,9.521955,8.940345,0.938919056,93.8919056
34,PC,24.263,23.752,0,2,7,1.87,45.5,0.455,11.0372387,10.80716,0.979154324,97.91543242
130,GM_PC,24.425,24.097,0,2,7,1.76,44.9,0.449,10.53605593,10.819553,1.026907324,102.6907324
272,CR,23.233,21.327,0,2,7,1.45,42.8,0.428,9.9855434,9.127956,0.914117103,91.41171025
315,AR,22.536,20.634,0,2,7,1.87,41.2,0.412,9.3096216,8.501208,0.913163646,91.31636457
84,PC,24.494,24.808,0,2,8,2.17,45.7,0.457,11.1423206,11.337256,1.017495045,101.7495045
109,GM_PC,26.027,26.091,0,2,8,1.74,44,0.44,11.22710042,11.48004,1.022529377,102.2529377
215,CR,22.77,20.672,0,2,8,1.46,42.8,0.428,9.786546,8.847616,0.904059103,90.40591032
393,AR,23.033,21.475,0,2,8,1.65,41.8,0.418,9.5149323,8.97655,0.943417117,94.34171171
73,PC,24.455,23.853,0,2,9,1.62,45,0.45,11.1245795,10.73385,0.96487692,96.48769196
106,GM_PC,25.459,25.439,0,2,9,1.41,45.2,0.452,10.98208589,11.498428,1.047016761,104.7016761
283,CR,22.948,21.542,0,2,9,1.33,42.9,0.429,9.8630504,9.241518,0.936983755,93.6983755
379,AR,23.238,21.129,0,2,9,1.74,40.9,0.409,9.5996178,8.641761,0.900219277,90.02192775
25,PC,24.96,24.028,0,2,10,1.78,46.2,0.462,11.354304,11.100936,0.97768529,97.76852901
200,GM_PC,22.932,25.034,0,2,10,1.76,44.1,0.441,9.892030075,11.039994,1.116049377,111.6049377
200,GM_PC,22.932,25.034,0,2,10,1.58,27.2,0.272,9.892030075,6.809248,0.688356985,68.83569852
276,CR,23.275,21.481,0,2,10,1.44,43.3,0.433,10.003595,9.301273,0.929793039,92.97930394
394,AR,23.677,22.167,0,2,10,1.77,41.5,0.415,9.7809687,9.199305,0.940531074,94.05310744
28,PC,24.473,20.668,14,1,1,1.45,43.7,0.437,11.1327677,9.031916,0.811291158,81.12911581
140,GM_PC,24.657,21.806,14,1,1,1.2,44.8,0.448,10.63613229,9.769088,0.918481243,91.84812428
249,CR,22.318,16.682,14,1,1,1.14,40.9,0.409,9.5922764,6.822938,0.711294975,71.12949748
321,AR,22.812,16.257,14,1,1,1.28,39.8,0.398,9.4236372,6.470286,0.686601772,68.6601772
57,PC,24.357,20.689,14,1,2,1.55,43,0.43,11.0799993,8.89627,0.802912506,80.29125056
156,GM_PC,24.764,22.841,14,1,2,1.24,42.6,0.426,10.68228819,9.730266,0.91087844,91.08784398
212,CR,22.444,17.276,14,1,2,1.23,36.2,0.362,9.6464312,6.253912,0.648313544,64.83135442
362,AR,23.852,19.339,14,1,2,1.31,33.9,0.339,9.8532612,6.555921,0.665355446,66.5355446
67,PC,25.11,20.712,14,1,3,1.62,43.2,0.432,11.422539,8.947584,0.783327069,78.33270694
154,GM_PC,24.979,21.34,14,1,3,1.42,41.2,0.412,10.77503136,8.79208,0.815967926,81.59679265
238,CR,22.586,17.023,14,1,3,1.27,41.7,0.417,9.7074628,7.098591,0.731250909,73.12509094
329,AR,22.761,17.721,14,1,3,1.61,39.1,0.391,9.4025691,6.928911,0.736916786,73.69167859
86,PC,24.129,20.398,14,1,4,1.8,43.8,0.438,10.9762821,8.934324,0.813966325,81.39663247
112,GM_PC,25.908,23.621,14,1,4,1.4,42.9,0.429,11.17576815,10.133409,0.906730425,90.67304247
201,CR,22.603,21.441,14,1,4,1.04,39,0.39,9.7147694,8.36199,0.86075023,86.07502305
333,AR,23.878,20.119,14,1,4,1.42,37.9,0.379,9.8640018,7.625101,0.773023075,77.30230747
12,PC,24.599,20.496,14,1,5,2.18,46,0.46,11.1900851,9.42816,0.842545871,84.25458713
174,GM_PC,24.784,22.073,14,1,5,1.2,44.6,0.446,10.69091546,9.844558,0.920833958,92.0833958
225,CR,22.993,18.401,14,1,5,1.26,42.4,0.424,9.8823914,7.802024,0.789487451,78.94874514
299,AR,22.364,15.676,14,1,5,1.6,40.5,0.405,9.2385684,6.34878,0.687203875,68.72038746
20,PC,25.37,22.009,14,2,6,1.37,45,0.45,11.540813,9.90405,0.858176109,85.81761094
178,GM_PC,24.712,22.816,14,2,6,1.33,37.6,0.376,10.65985728,8.578816,0.804777754,80.47777538
260,CR,22.604,18.465,14,2,6,1.18,39.5,0.395,9.7151992,7.293675,0.750748888,75.07488884
314,AR,22.97,17.596,14,2,6,1.2,41,0.41,9.488907,7.21436,0.760294099,76.02940992
72,PC,24.899,21.052,14,2,7,1.7,45.1,0.451,11.3265551,9.494452,0.838247103,83.8247103
165,GM_PC,24.496,22.741,14,2,7,1.76,43.4,0.434,10.56668275,9.869594,0.934029557,93.40295566
286,CR,23.07,17.881,14,2,7,1.24,41.1,0.411,9.915486,7.349091,0.74117305,74.11730499
347,AR,23.934,18.063,14,2,7,1.49,39.1,0.391,9.8871354,7.062633,0.714325506,71.43255063
88,PC,24.411,20.91,14,2,8,2.2,43.9,0.439,11.1045639,9.17949,0.826641197,82.66411975
185,GM_PC,24.751,22.67,14,2,8,1.57,43.7,0.437,10.67668046,9.90679,0.927890465,92.7890465
256,CR,23.209,17.046,14,2,8,1.24,41.8,0.418,9.9752282,7.125228,0.71429223,71.42922304
344,AR,23.047,16.924,14,2,8,1.41,39.3,0.393,9.5207157,6.651132,0.6985958,69.85957999
46,PC,24.49,20.09,14,2,9,1.57,44.2,0.442,11.140501,8.87978,0.797071873,79.70718732
167,GM_PC,24.704,22.329,14,2,9,1.45,44,0.44,10.65640637,9.82476,0.921958084,92.19580837
275,CR,22.673,18.186,14,2,9,0.95,41.8,0.418,9.7448554,7.601748,0.780078071,78.00780707
377,AR,22.947,17.605,14,2,9,1.56,40,0.4,9.4794057,7.042,0.742873575,74.28735749
79,PC,24.552,20.451,14,2,10,1.79,44.6,0.446,11.1687048,9.121146,0.816669987,81.66699867
119,GM_PC,24.043,21.092,14,2,10,1.4,44.2,0.442,10.37127503,9.322664,0.898892756,89.88927561
287,CR,23.488,17.821,14,2,10,1.29,42.2,0.422,10.0951424,7.520462,0.744958486,74.49584862
361,AR,22.545,14.164,14,2,10,1.41,40.8,0.408,9.3133395,5.778912,0.620498372,62.04983723
3,PC,24.081,18.301,35,1,1,1.49,42.4,0.424,10.9544469,7.759624,0.708353792,70.83537919
143,GM_PC,24.86,20.043,35,1,1,1.68,44.1,0.441,10.7236991,8.838963,0.824245712,82.42457123
289,CR,22.74,16.427,35,1,1,1.47,34.1,0.341,9.773652,5.601607,0.573133461,57.31334613
318,AR,23.61,14.397,35,1,1,1.67,28.1,0.281,9.753291,4.045557,0.414788916,41.47889159
1,PC,23.578,17.166,35,1,2,1.73,39.4,0.394,10.7256322,6.763404,0.630583249,63.0583249
173,GM_PC,24.743,22.277,35,1,2,1.42,34.6,0.346,10.67322955,7.707842,0.72216586,72.216586
242,CR,22.848,18.481,35,1,2,1.23,37.2,0.372,9.8200704,6.874932,0.700089889,70.00898894
334,AR,22.405,18.087,35,1,2,1.79,26.1,0.261,9.2555055,4.720707,0.510043131,51.00431305
18,PC,24.141,19.904,35,1,3,1.6,43,0.43,10.9817409,8.55872,0.779359127,77.93591269
155,GM_PC,24.533,21.675,35,1,3,1.38,42.4,0.424,10.5826432,9.1902,0.868421984,86.84219837
231,CR,22.712,16.531,35,1,3,1.5,35,0.35,9.7616176,5.78585,0.592714265,59.27142649
378,AR,22.992,17.141,35,1,3,1.7,30.4,0.304,9.4979952,5.210864,0.548627778,54.86277778
81,PC,23.526,21.464,35,1,4,1.41,38.8,0.388,10.7019774,8.328032,0.778176938,77.81769377
141,GM_PC,24.393,20.718,35,1,4,1.54,43.1,0.431,10.52225229,8.929458,0.848626107,84.86261068
199,CR,22.932,16.329,35,1,4,1.48,37.9,0.379,9.8561736,6.188691,0.627899959,62.78999591
350,AR,23.707,14.635,35,1,4,1.75,33.4,0.334,9.7933617,4.88809,0.499122788,49.91227884
24,PC,24.783,19.087,35,1,5,1.51,38.4,0.384,11.2737867,7.329408,0.650128319,65.01283194
164,GM_PC,24.477,20.878,35,1,5,1.29,42.7,0.427,10.55848684,8.914906,0.84433557,84.43355698
244,CR,22.986,17.387,35,1,5,1.27,34.2,0.342,9.8793828,5.946354,0.601895292,60.18952925
348,AR,23.156,14.896,35,1,5,1.83,31.4,0.314,9.5657436,4.677344,0.488968155,48.89681551
80,PC,24.857,18.47,35,2,6,1.8,43.1,0.431,11.3074493,7.96057,0.704011116,70.40111159
187,GM_PC,24.522,20.21,35,2,6,1.47,39.3,0.393,10.5778982,7.94253,0.750860885,75.08608847
359,CR,22.751,13.387,35,2,6,1.73,33.1,0.331,9.7783798,4.431097,0.453152474,45.31524742
93,PC,25.115,16.613,35,2,7,2.49,45,0.45,11.4248135,7.47585,0.654352038,65.43520382
129,GM_PC,24.729,19.818,35,2,7,1.46,41.7,0.417,10.66719046,8.264106,0.774721894,77.4721894
265,CR,22.356,13.579,35,2,7,1.68,38.9,0.389,9.6086088,5.282231,0.549739417,54.9739417
368,AR,22.724,12.361,35,2,7,1.93,37,0.37,9.3872844,4.57357,0.487209059,48.72090591
19,PC,25.155,18.18,35,2,8,1.64,45.3,0.453,11.4430095,8.23554,0.71970053,71.97005298
142,GM_PC,24.815,16.707,35,2,8,1.5,43.2,0.432,10.70428773,7.217424,0.674255418,67.4255418
270,CR,23.54,16.308,35,2,8,1.48,37.2,0.372,10.117492,6.066576,0.599612631,59.96126313
309,AR,23.406,12.381,35,2,8,2,34.4,0.344,9.6690186,4.259064,0.440485656,44.04856559
82,PC,24.944,18.132,35,2,9,1.92,43.8,0.438,11.3470256,7.941816,0.699902889,69.99028891
194,GM_PC,24.927,20.162,35,2,9,1.36,44.3,0.443,10.75260046,8.931766,0.830661014,83.06610141
280,CR,23.836,14.503,35,2,9,1.32,39.2,0.392,10.2447128,5.685176,0.554937567,55.49375674
324,AR,23.05,13.547,35,2,9,1.91,37.5,0.375,9.521955,5.080125,0.533517014,53.35170141
64,PC,24.097,16.529,35,2,10,2.33,45,0.45,10.9617253,7.43805,0.678547382,67.85473816
136,GM_PC,24.819,20.054,35,2,10,1.64,44.2,0.442,10.70601319,8.863868,0.827933596,82.79335962
227,CR,22.49,13.585,35,2,10,1.5,40.4,0.404,9.666202,5.48834,0.567786603,56.77866033
302,AR,23.855,10.467,35,2,10,2.08,36.2,0.362,9.8545005,3.789054,0.384499854,38.44998536
4,PC,23.471,17.322,63,1,1,1.72,38.7,0.387,10.6769579,6.703614,0.627858053,62.78580531
127,GM_PC,24.703,20.393,63,1,1,1.57,37.9,0.379,10.65597501,7.728947,0.725315796,72.53157963
221,CR,22.417,13.994,63,1,1,1.75,32,0.32,9.6348266,4.47808,0.464780549,46.47805493
311,AR,23.446,12.011,63,1,1,1.87,36,0.36,9.6855426,4.32396,0.446434462,44.6434462
90,PC,25.247,18.057,63,1,2,2.04,41.6,0.416,11.4848603,7.511712,0.654053406,65.40534063
146,GM_PC,24.473,18.848,63,1,2,1.69,40.9,0.409,10.55676138,7.708832,0.730226982,73.02269816
228,CR,22.776,14.61,63,1,2,1.63,36.1,0.361,9.7891248,5.27421,0.538782589,53.87825886
303,AR,23.976,12.633,63,1,2,1.49,25.1,0.251,9.9044856,3.170883,0.320146157,32.01461568
97,PC,23.902,13.725,63,1,4,1.97,32.9,0.329,10.8730198,4.515525,0.41529631,41.52963099
170,GM_PC,24.551,22.678,63,1,4,1.48,32.3,0.323,10.59040774,7.324994,0.691663076,69.16630764
218,CR,23.109,15.065,63,1,4,1.74,33.3,0.333,9.9322482,5.016645,0.505086552,50.50865523
343,AR,22.499,13.456,63,1,4,1.8,33.8,0.338,9.2943369,4.548128,0.489344,48.93440004
22,PC,24.076,16.434,63,2,6,2.03,39.5,0.395,10.9521724,6.49143,0.592707069,59.27070688
116,GM_PC,23.125,17.888,63,2,6,1.76,40.3,0.403,9.97528325,7.208864,0.722672612,72.26726118
389,AR,23.998,12.342,63,2,6,2.24,33.5,0.335,9.9135738,4.13457,0.417061504,41.70615041
70,PC,25.476,17.302,63,2,7,1.56,39.4,0.394,11.5890324,6.816988,0.588227538,58.82275383
157,GM_PC,24.978,19.517,63,2,7,1.65,41.5,0.415,10.7746,8.099555,0.751726746,75.17267462
273,CR,23.094,12.616,63,2,7,1.88,38.8,0.388,9.9258012,4.895008,0.493159988,49.31599879
366,AR,23.022,10.791,63,2,7,1.81,35,0.35,9.5103882,3.77685,0.3971289,39.71288995
43,PC,25.332,18.272,63,2,8,2.25,44,0.44,11.5235268,8.03968,0.697675299,69.76752985
189,GM_PC,24.415,19.866,63,2,8,1.69,41.6,0.416,10.53174229,8.264256,0.784699793,78.46997932
205,CR,22.536,12.977,63,2,8,1.78,38.7,0.387,9.6859728,5.022099,0.518491958,51.84919578
357,AR,23.357,12.036,63,2,8,1.76,36.6,0.366,9.6487767,4.405176,0.456552798,45.6552798
92,PC,24.821,17.711,63,2,9,2.07,38.5,0.385,11.2910729,6.818735,0.603904966,60.39049664
190,GM_PC,24.735,18.978,63,2,9,1.57,38.4,0.384,10.66977865,7.287552,0.683008734,68.30087335
233,CR,23.154,13.805,63,2,9,1.88,33.5,0.335,9.9515892,4.624675,0.464717233,46.47172333
382,AR,22.831,10.933,63,2,9,2.05,35.8,0.358,9.4314861,3.914014,0.414994409,41.4994409
68,PC,24.646,16.178,63,2,10,2.14,41.1,0.411,11.2114654,6.649158,0.5930677,59.30677001
222,CR,23.061,9.177,63,2,10,1.59,37.8,0.378,9.9116178,3.468906,0.349983834,34.99838341
316,AR,23.229,10.739,63,2,10,2.05,34.4,0.344,9.5958999,3.694216,0.384978589,38.49785886
105,GM_PC,25.652,19.276,63,2,10,1.47,42.4,0.424,11.06533907,8.173024,0.738614872,73.86148721